PRAGMA foreign_keys=OFF;
BEGIN TRANSACTION;
CREATE TABLE "auth_permission" (
    "id" integer NOT NULL PRIMARY KEY,
    "name" varchar(50) NOT NULL,
    "content_type_id" integer NOT NULL,
    "codename" varchar(100) NOT NULL,
    UNIQUE ("content_type_id", "codename")
);
INSERT INTO "auth_permission" VALUES(1,'Can add permission',1,'add_permission');
INSERT INTO "auth_permission" VALUES(2,'Can change permission',1,'change_permission');
INSERT INTO "auth_permission" VALUES(3,'Can delete permission',1,'delete_permission');
INSERT INTO "auth_permission" VALUES(4,'Can add group',2,'add_group');
INSERT INTO "auth_permission" VALUES(5,'Can change group',2,'change_group');
INSERT INTO "auth_permission" VALUES(6,'Can delete group',2,'delete_group');
INSERT INTO "auth_permission" VALUES(7,'Can add user',3,'add_user');
INSERT INTO "auth_permission" VALUES(8,'Can change user',3,'change_user');
INSERT INTO "auth_permission" VALUES(9,'Can delete user',3,'delete_user');
INSERT INTO "auth_permission" VALUES(10,'Can add content type',4,'add_contenttype');
INSERT INTO "auth_permission" VALUES(11,'Can change content type',4,'change_contenttype');
INSERT INTO "auth_permission" VALUES(12,'Can delete content type',4,'delete_contenttype');
INSERT INTO "auth_permission" VALUES(13,'Can add session',5,'add_session');
INSERT INTO "auth_permission" VALUES(14,'Can change session',5,'change_session');
INSERT INTO "auth_permission" VALUES(15,'Can delete session',5,'delete_session');
INSERT INTO "auth_permission" VALUES(16,'Can add site',6,'add_site');
INSERT INTO "auth_permission" VALUES(17,'Can change site',6,'change_site');
INSERT INTO "auth_permission" VALUES(18,'Can delete site',6,'delete_site');
INSERT INTO "auth_permission" VALUES(19,'Can add log entry',7,'add_logentry');
INSERT INTO "auth_permission" VALUES(20,'Can change log entry',7,'change_logentry');
INSERT INTO "auth_permission" VALUES(21,'Can delete log entry',7,'delete_logentry');
INSERT INTO "auth_permission" VALUES(22,'Can add migration history',8,'add_migrationhistory');
INSERT INTO "auth_permission" VALUES(23,'Can change migration history',8,'change_migrationhistory');
INSERT INTO "auth_permission" VALUES(24,'Can delete migration history',8,'delete_migrationhistory');
INSERT INTO "auth_permission" VALUES(25,'Can add section',9,'add_section');
INSERT INTO "auth_permission" VALUES(26,'Can change section',9,'change_section');
INSERT INTO "auth_permission" VALUES(27,'Can delete section',9,'delete_section');
INSERT INTO "auth_permission" VALUES(28,'Can add slice',10,'add_slice');
INSERT INTO "auth_permission" VALUES(29,'Can change slice',10,'change_slice');
INSERT INTO "auth_permission" VALUES(30,'Can delete slice',10,'delete_slice');
INSERT INTO "auth_permission" VALUES(31,'Can add grid',11,'add_grid');
INSERT INTO "auth_permission" VALUES(32,'Can change grid',11,'change_grid');
INSERT INTO "auth_permission" VALUES(33,'Can delete grid',11,'delete_grid');
INSERT INTO "auth_permission" VALUES(34,'Can add post',12,'add_post');
INSERT INTO "auth_permission" VALUES(35,'Can change post',12,'change_post');
INSERT INTO "auth_permission" VALUES(36,'Can delete post',12,'delete_post');
CREATE TABLE "auth_group_permissions" (
    "id" integer NOT NULL PRIMARY KEY,
    "group_id" integer NOT NULL,
    "permission_id" integer NOT NULL REFERENCES "auth_permission" ("id"),
    UNIQUE ("group_id", "permission_id")
);
CREATE TABLE "auth_group" (
    "id" integer NOT NULL PRIMARY KEY,
    "name" varchar(80) NOT NULL UNIQUE
);
CREATE TABLE "auth_user_groups" (
    "id" integer NOT NULL PRIMARY KEY,
    "user_id" integer NOT NULL,
    "group_id" integer NOT NULL REFERENCES "auth_group" ("id"),
    UNIQUE ("user_id", "group_id")
);
CREATE TABLE "auth_user_user_permissions" (
    "id" integer NOT NULL PRIMARY KEY,
    "user_id" integer NOT NULL,
    "permission_id" integer NOT NULL REFERENCES "auth_permission" ("id"),
    UNIQUE ("user_id", "permission_id")
);
CREATE TABLE "auth_user" (
    "id" integer NOT NULL PRIMARY KEY,
    "password" varchar(128) NOT NULL,
    "last_login" datetime NOT NULL,
    "is_superuser" bool NOT NULL,
    "username" varchar(30) NOT NULL UNIQUE,
    "first_name" varchar(30) NOT NULL,
    "last_name" varchar(30) NOT NULL,
    "email" varchar(75) NOT NULL,
    "is_staff" bool NOT NULL,
    "is_active" bool NOT NULL,
    "date_joined" datetime NOT NULL
);
INSERT INTO "auth_user" VALUES(1,'pbkdf2_sha256$10000$HPM48GBpYFQY$yvwMixAda3Od734buwXFhRTiCbzAtCJ0A1q6WdQfgNY=','2013-10-22 02:04:50.227409',1,'whenther','','','',1,1,'2013-09-26 05:05:38.751005');
CREATE TABLE "django_content_type" (
    "id" integer NOT NULL PRIMARY KEY,
    "name" varchar(100) NOT NULL,
    "app_label" varchar(100) NOT NULL,
    "model" varchar(100) NOT NULL,
    UNIQUE ("app_label", "model")
);
INSERT INTO "django_content_type" VALUES(1,'permission','auth','permission');
INSERT INTO "django_content_type" VALUES(2,'group','auth','group');
INSERT INTO "django_content_type" VALUES(3,'user','auth','user');
INSERT INTO "django_content_type" VALUES(4,'content type','contenttypes','contenttype');
INSERT INTO "django_content_type" VALUES(5,'session','sessions','session');
INSERT INTO "django_content_type" VALUES(6,'site','sites','site');
INSERT INTO "django_content_type" VALUES(7,'log entry','admin','logentry');
INSERT INTO "django_content_type" VALUES(8,'migration history','south','migrationhistory');
INSERT INTO "django_content_type" VALUES(9,'section','section','section');
INSERT INTO "django_content_type" VALUES(10,'slice','section','slice');
INSERT INTO "django_content_type" VALUES(11,'grid','section','grid');
INSERT INTO "django_content_type" VALUES(12,'post','code_page','post');
CREATE TABLE "django_session" (
    "session_key" varchar(40) NOT NULL PRIMARY KEY,
    "session_data" text NOT NULL,
    "expire_date" datetime NOT NULL
);
INSERT INTO "django_session" VALUES('8udz90un74txksglqztajod0v88knnns','NjQwNjY2NDdhNWQ4M2JlYjIyOGE5ZGY0OGY2MGQyZTcxNTczOTA3ODqAAn1xAShVEl9hdXRoX3VzZXJfYmFja2VuZHECVSlkamFuZ28uY29udHJpYi5hdXRoLmJhY2tlbmRzLk1vZGVsQmFja2VuZHEDVQ1fYXV0aF91c2VyX2lkcQRLAXUu','2013-10-10 05:21:42.714165');
INSERT INTO "django_session" VALUES('al3efu2cwgpfw5rw6fqh5ic92ky0sy3m','NjQwNjY2NDdhNWQ4M2JlYjIyOGE5ZGY0OGY2MGQyZTcxNTczOTA3ODqAAn1xAShVEl9hdXRoX3VzZXJfYmFja2VuZHECVSlkamFuZ28uY29udHJpYi5hdXRoLmJhY2tlbmRzLk1vZGVsQmFja2VuZHEDVQ1fYXV0aF91c2VyX2lkcQRLAXUu','2013-10-10 13:06:43.001918');
INSERT INTO "django_session" VALUES('pntf9so8ub9sfoksdwo5x680sdsnrqi7','NjQwNjY2NDdhNWQ4M2JlYjIyOGE5ZGY0OGY2MGQyZTcxNTczOTA3ODqAAn1xAShVEl9hdXRoX3VzZXJfYmFja2VuZHECVSlkamFuZ28uY29udHJpYi5hdXRoLmJhY2tlbmRzLk1vZGVsQmFja2VuZHEDVQ1fYXV0aF91c2VyX2lkcQRLAXUu','2013-10-14 04:51:51.379299');
INSERT INTO "django_session" VALUES('7vh2ujfo27pzkze0r0g7dsd424b94wdb','NjQwNjY2NDdhNWQ4M2JlYjIyOGE5ZGY0OGY2MGQyZTcxNTczOTA3ODqAAn1xAShVEl9hdXRoX3VzZXJfYmFja2VuZHECVSlkamFuZ28uY29udHJpYi5hdXRoLmJhY2tlbmRzLk1vZGVsQmFja2VuZHEDVQ1fYXV0aF91c2VyX2lkcQRLAXUu','2013-11-05 02:04:50.241700');
CREATE TABLE "django_site" (
    "id" integer NOT NULL PRIMARY KEY,
    "domain" varchar(100) NOT NULL,
    "name" varchar(50) NOT NULL
);
INSERT INTO "django_site" VALUES(1,'example.com','example.com');
CREATE TABLE "django_admin_log" (
    "id" integer NOT NULL PRIMARY KEY,
    "action_time" datetime NOT NULL,
    "user_id" integer NOT NULL REFERENCES "auth_user" ("id"),
    "content_type_id" integer REFERENCES "django_content_type" ("id"),
    "object_id" text,
    "object_repr" varchar(200) NOT NULL,
    "action_flag" smallint unsigned NOT NULL,
    "change_message" text NOT NULL
);
INSERT INTO "django_admin_log" VALUES(1,'2013-09-26 05:23:25.691204',1,9,'1','About',1,'');
INSERT INTO "django_admin_log" VALUES(2,'2013-09-26 05:23:54.938572',1,9,'2','Code',1,'');
INSERT INTO "django_admin_log" VALUES(3,'2013-09-26 05:24:10.472390',1,9,'3','Design',1,'');
INSERT INTO "django_admin_log" VALUES(4,'2013-09-26 05:24:24.170311',1,9,'4','Words',1,'');
INSERT INTO "django_admin_log" VALUES(5,'2013-09-26 05:24:36.223771',1,9,'5','footer',1,'');
INSERT INTO "django_admin_log" VALUES(6,'2013-09-26 05:25:20.547463',1,10,'1','footer: 1',1,'');
INSERT INTO "django_admin_log" VALUES(7,'2013-09-26 05:27:31.580828',1,11,'1','footer: 1-1',1,'');
INSERT INTO "django_admin_log" VALUES(8,'2013-09-26 05:28:19.715404',1,11,'2','footer: 1-2',1,'');
INSERT INTO "django_admin_log" VALUES(9,'2013-09-26 05:28:39.456820',1,11,'3','footer: 1-3',1,'');
INSERT INTO "django_admin_log" VALUES(10,'2013-09-27 02:12:35.987124',1,11,'2','footer: 1-2',2,'Changed content.');
INSERT INTO "django_admin_log" VALUES(11,'2013-09-27 02:13:10.114566',1,11,'2','footer: 1-2',2,'Changed content.');
INSERT INTO "django_admin_log" VALUES(12,'2013-09-27 02:16:05.234696',1,10,'2','About: 1',1,'');
INSERT INTO "django_admin_log" VALUES(13,'2013-09-27 02:17:56.497245',1,11,'4','About: 1-1',1,'');
INSERT INTO "django_admin_log" VALUES(14,'2013-09-28 23:01:53.129183',1,10,'3','Code: 1',1,'');
INSERT INTO "django_admin_log" VALUES(15,'2013-09-30 04:57:49.376142',1,11,'5','Code: 1-0',1,'');
INSERT INTO "django_admin_log" VALUES(16,'2013-09-30 04:57:56.801758',1,11,'5','Code: 1-1',2,'Changed sort_key.');
INSERT INTO "django_admin_log" VALUES(17,'2013-09-30 05:00:40.402542',1,11,'6','Code: 1-2',1,'');
INSERT INTO "django_admin_log" VALUES(18,'2013-09-30 05:00:52.099955',1,11,'5','Code: 1-1',2,'Changed content.');
INSERT INTO "django_admin_log" VALUES(19,'2013-09-30 05:06:46.619465',1,11,'6','Code: 1-2',2,'Changed content.');
INSERT INTO "django_admin_log" VALUES(20,'2013-09-30 05:08:23.495683',1,11,'6','Code: 1-2',2,'Changed header.');
INSERT INTO "django_admin_log" VALUES(21,'2013-09-30 05:14:22.952280',1,11,'6','Code: 1-2',2,'Changed header.');
INSERT INTO "django_admin_log" VALUES(22,'2013-09-30 05:14:32.124561',1,11,'5','Code: 1-1',2,'Changed header.');
INSERT INTO "django_admin_log" VALUES(23,'2013-09-30 05:15:06.141294',1,10,'3','Code: 1',2,'Changed title.');
INSERT INTO "django_admin_log" VALUES(24,'2013-09-30 06:33:45.799950',1,10,'4','Code: 2',1,'');
INSERT INTO "django_admin_log" VALUES(25,'2013-09-30 06:34:04.737941',1,10,'5','Code: 3',1,'');
INSERT INTO "django_admin_log" VALUES(26,'2013-09-30 06:34:57.854607',1,11,'7','Code: 2-1',1,'');
INSERT INTO "django_admin_log" VALUES(27,'2013-09-30 06:35:29.337952',1,11,'8','Code: 2-2',1,'');
INSERT INTO "django_admin_log" VALUES(28,'2013-09-30 06:35:58.796980',1,11,'9','Code: 2-3',1,'');
INSERT INTO "django_admin_log" VALUES(29,'2013-09-30 07:21:01.713800',1,11,'10','Code: 3-1',1,'');
INSERT INTO "django_admin_log" VALUES(30,'2013-09-30 07:21:18.320045',1,11,'11','Code: 3-3',1,'');
INSERT INTO "django_admin_log" VALUES(31,'2013-09-30 19:26:22.691022',1,11,'12','Code: 3-4',1,'');
INSERT INTO "django_admin_log" VALUES(32,'2013-09-30 19:26:50.535873',1,11,'13','Code: 3-2',1,'');
INSERT INTO "django_admin_log" VALUES(33,'2013-09-30 19:28:05.617236',1,11,'14','About: 1-2',1,'');
INSERT INTO "django_admin_log" VALUES(34,'2013-09-30 19:28:59.250036',1,11,'14','About: 1-2',2,'Changed size.');
INSERT INTO "django_admin_log" VALUES(35,'2013-09-30 19:31:43.167861',1,11,'9','Code: 2-3',3,'');
INSERT INTO "django_admin_log" VALUES(36,'2013-10-01 01:17:28.153786',1,11,'5','Code: 1-1',2,'Changed size.');
INSERT INTO "django_admin_log" VALUES(37,'2013-10-01 01:17:34.241233',1,11,'6','Code: 1-2',2,'Changed size.');
INSERT INTO "django_admin_log" VALUES(38,'2013-10-01 01:17:44.760123',1,11,'7','Code: 2-1',2,'No fields changed.');
INSERT INTO "django_admin_log" VALUES(39,'2013-10-01 01:18:19.498906',1,11,'8','Code: 2-2',2,'No fields changed.');
INSERT INTO "django_admin_log" VALUES(40,'2013-10-01 01:18:22.475771',1,11,'7','Code: 2-1',2,'No fields changed.');
INSERT INTO "django_admin_log" VALUES(41,'2013-10-01 01:18:35.381159',1,11,'5','Code: 1-1',2,'Changed size.');
INSERT INTO "django_admin_log" VALUES(42,'2013-10-01 01:19:09.199827',1,11,'6','Code: 1-2',2,'Changed size.');
INSERT INTO "django_admin_log" VALUES(43,'2013-10-01 01:19:38.474903',1,11,'8','Code: 2-2',2,'Changed size.');
INSERT INTO "django_admin_log" VALUES(44,'2013-10-01 01:21:24.485952',1,11,'6','Code: 1-2',2,'Changed size.');
INSERT INTO "django_admin_log" VALUES(45,'2013-10-01 01:21:51.372469',1,11,'8','Code: 2-2',2,'Changed size.');
INSERT INTO "django_admin_log" VALUES(46,'2013-10-01 01:26:52.428300',1,11,'7','Code: 2-1',2,'Changed size.');
INSERT INTO "django_admin_log" VALUES(47,'2013-10-01 01:27:32.060331',1,11,'4','About: 1-1',2,'Changed size.');
INSERT INTO "django_admin_log" VALUES(48,'2013-10-01 06:57:25.443822',1,10,'6','Design: 1',1,'');
INSERT INTO "django_admin_log" VALUES(49,'2013-10-01 07:33:33.894154',1,11,'15','Design: 1-1',1,'');
INSERT INTO "django_admin_log" VALUES(50,'2013-10-01 07:35:23.622265',1,11,'16','Design: 1-2',1,'');
INSERT INTO "django_admin_log" VALUES(51,'2013-10-01 07:36:04.769962',1,11,'17','Design: 1-3',1,'');
INSERT INTO "django_admin_log" VALUES(52,'2013-10-01 07:36:59.720143',1,10,'6','Design: 1',2,'Changed title.');
INSERT INTO "django_admin_log" VALUES(53,'2013-10-01 07:37:13.587576',1,11,'16','Design: 1-2',2,'Changed header.');
INSERT INTO "django_admin_log" VALUES(54,'2013-10-01 07:37:16.255981',1,11,'17','Design: 1-3',2,'Changed header.');
INSERT INTO "django_admin_log" VALUES(55,'2013-10-01 07:37:54.520754',1,11,'15','Design: 1-1',2,'Changed content.');
INSERT INTO "django_admin_log" VALUES(56,'2013-10-01 07:39:15.527395',1,11,'15','Design: 1-1',2,'Changed content.');
INSERT INTO "django_admin_log" VALUES(57,'2013-10-01 07:39:47.385521',1,11,'15','Design: 1-1',2,'Changed content.');
INSERT INTO "django_admin_log" VALUES(58,'2013-10-01 07:41:51.579707',1,10,'7','Design: 2',1,'');
INSERT INTO "django_admin_log" VALUES(59,'2013-10-01 07:52:26.306409',1,11,'18','Design: 2-0',1,'');
INSERT INTO "django_admin_log" VALUES(60,'2013-10-01 07:52:33.788197',1,11,'18','Design: 2-2',2,'Changed sort_key.');
INSERT INTO "django_admin_log" VALUES(61,'2013-10-01 07:52:59.028253',1,11,'19','Design: 2-1',1,'');
INSERT INTO "django_admin_log" VALUES(62,'2013-10-01 07:57:40.078473',1,11,'20','Design: 2-3',1,'');
INSERT INTO "django_admin_log" VALUES(63,'2013-10-01 07:58:50.351954',1,11,'20','Design: 2-3',2,'Changed size.');
INSERT INTO "django_admin_log" VALUES(64,'2013-10-01 08:02:19.592202',1,11,'18','Design: 2-2',2,'No fields changed.');
INSERT INTO "django_admin_log" VALUES(65,'2013-10-01 08:04:58.807669',1,11,'19','Design: 2-1',2,'Changed content.');
INSERT INTO "django_admin_log" VALUES(66,'2013-10-01 08:05:39.453274',1,11,'19','Design: 2-1',2,'Changed content.');
INSERT INTO "django_admin_log" VALUES(67,'2013-10-01 08:07:44.208227',1,11,'4','About: 1-1',2,'Changed content.');
INSERT INTO "django_admin_log" VALUES(68,'2013-10-01 08:14:01.258816',1,11,'4','About: 1-1',2,'Changed content.');
INSERT INTO "django_admin_log" VALUES(69,'2013-10-01 08:15:17.504329',1,10,'8','About: 2',1,'');
INSERT INTO "django_admin_log" VALUES(70,'2013-10-01 08:15:23.288837',1,10,'9','About: 3',1,'');
INSERT INTO "django_admin_log" VALUES(71,'2013-10-01 08:15:29.209774',1,10,'10','About: 4',1,'');
INSERT INTO "django_admin_log" VALUES(72,'2013-10-01 08:15:34.370292',1,10,'11','About: 5',1,'');
INSERT INTO "django_admin_log" VALUES(73,'2013-10-01 08:17:16.475521',1,11,'21','About: 2-0',1,'');
INSERT INTO "django_admin_log" VALUES(74,'2013-10-01 08:21:19.408924',1,11,'21','About: 2-1',2,'Changed sort_key.');
INSERT INTO "django_admin_log" VALUES(75,'2013-10-01 08:21:51.586258',1,10,'11','About: 5',3,'');
INSERT INTO "django_admin_log" VALUES(76,'2013-10-01 08:23:01.147559',1,11,'22','About: 3-1',1,'');
INSERT INTO "django_admin_log" VALUES(77,'2013-10-01 08:23:23.145086',1,11,'23','About: 4-1',1,'');
INSERT INTO "django_admin_log" VALUES(78,'2013-10-22 02:07:04.126854',1,10,'11','Words: 0',1,'');
INSERT INTO "django_admin_log" VALUES(79,'2013-10-22 02:09:43.044511',1,11,'24','Words: 0-0',1,'');
INSERT INTO "django_admin_log" VALUES(80,'2013-10-22 02:12:52.438446',1,11,'4','About: 1-1',2,'Changed content.');
INSERT INTO "django_admin_log" VALUES(81,'2013-10-22 02:13:48.126832',1,10,'11','Words: 1',2,'Changed sort_key.');
INSERT INTO "django_admin_log" VALUES(82,'2013-10-22 02:15:19.703220',1,11,'21','About: 2-1',2,'Changed content.');
INSERT INTO "django_admin_log" VALUES(83,'2013-10-22 02:18:59.287917',1,11,'22','About: 3-1',2,'Changed content.');
INSERT INTO "django_admin_log" VALUES(84,'2013-10-22 02:21:45.785785',1,11,'23','About: 4-1',2,'Changed content.');
INSERT INTO "django_admin_log" VALUES(85,'2013-10-22 02:24:10.559676',1,11,'24','Words: 1-0',2,'Changed content.');
INSERT INTO "django_admin_log" VALUES(86,'2013-10-22 02:24:57.982603',1,11,'24','Words: 1-0',2,'Changed content.');
INSERT INTO "django_admin_log" VALUES(87,'2013-10-22 02:27:16.953713',1,10,'12','Code: 1',1,'');
INSERT INTO "django_admin_log" VALUES(88,'2013-10-22 02:27:39.071052',1,10,'3','Code: 2',2,'Changed sort_key.');
INSERT INTO "django_admin_log" VALUES(89,'2013-10-22 02:27:43.410480',1,10,'4','Code: 3',2,'Changed sort_key.');
INSERT INTO "django_admin_log" VALUES(90,'2013-10-22 02:27:47.856129',1,10,'5','Code: 4',2,'Changed sort_key.');
INSERT INTO "django_admin_log" VALUES(91,'2013-10-22 02:35:40.127581',1,11,'25','Code: 1-1',1,'');
INSERT INTO "django_admin_log" VALUES(92,'2013-10-22 02:38:52.755299',1,11,'26','Code: 1-2',1,'');
INSERT INTO "django_admin_log" VALUES(93,'2013-10-22 02:39:39.446609',1,11,'25','Code: 1-1',2,'Changed size.');
INSERT INTO "django_admin_log" VALUES(94,'2013-10-22 19:24:19.163646',1,11,'25','Code: 1-1',2,'Changed content.');
INSERT INTO "django_admin_log" VALUES(95,'2013-10-22 19:25:31.074265',1,11,'15','Design: 1-1',2,'Changed content.');
CREATE TABLE "south_migrationhistory" (
    "id" integer NOT NULL PRIMARY KEY,
    "app_name" varchar(255) NOT NULL,
    "migration" varchar(255) NOT NULL,
    "applied" datetime NOT NULL
);
CREATE TABLE "section_section" (
    "id" integer NOT NULL PRIMARY KEY,
    "title" varchar(255) NOT NULL,
    "sort_key" integer NOT NULL,
    "slug" varchar(255) NOT NULL,
    "blurb" text NOT NULL
);
INSERT INTO "section_section" VALUES(1,'About',1,'about','This is where I tell you all about myself. Fascinating!');
INSERT INTO "section_section" VALUES(2,'Code',2,'code','I''m a fair coder, and I''m learning more every day. I''ve made some handy tools, which are freely available.');
INSERT INTO "section_section" VALUES(3,'Design',3,'design','I don''t just build things that work - I make them look good while doing it.');
INSERT INTO "section_section" VALUES(4,'Words',4,'words','The best tools and analysis are useless if you can''t explain them. Luckily, I can do that too.');
INSERT INTO "section_section" VALUES(5,'footer',0,'footer','');
CREATE TABLE "section_slice" (
    "id" integer NOT NULL PRIMARY KEY,
    "section_id" integer NOT NULL REFERENCES "section_section" ("id"),
    "sort_key" integer NOT NULL
, title text);
INSERT INTO "section_slice" VALUES(1,5,1,NULL);
INSERT INTO "section_slice" VALUES(2,1,1,NULL);
INSERT INTO "section_slice" VALUES(3,2,2,'Better call a vet, because these Pythons are sick.');
INSERT INTO "section_slice" VALUES(4,2,3,'VBA & Excel: Better living through automation.');
INSERT INTO "section_slice" VALUES(5,2,4,'Databases: MySQL and Access');
INSERT INTO "section_slice" VALUES(6,3,1,'Newspaper Design');
INSERT INTO "section_slice" VALUES(7,3,2,'Vector Art');
INSERT INTO "section_slice" VALUES(8,1,2,'');
INSERT INTO "section_slice" VALUES(9,1,3,'');
INSERT INTO "section_slice" VALUES(10,1,4,'');
INSERT INTO "section_slice" VALUES(11,4,1,'San Francisco Young Democrats');
INSERT INTO "section_slice" VALUES(12,2,1,'Web: HTML5/CSS/Javascript');
CREATE TABLE "section_grid" (
    "id" integer NOT NULL PRIMARY KEY,
    "slice_id" integer NOT NULL REFERENCES "section_slice" ("id"),
    "size" varchar(7) NOT NULL,
    "sort_key" integer NOT NULL,
    "header" varchar(255) NOT NULL,
    "content" text NOT NULL,
    "language" varchar(16) NOT NULL,
    "img" varchar(100) NOT NULL
);
INSERT INTO "section_grid" VALUES(1,1,'half',1,'','This site is still under construction. More content is coming soon!','','');
INSERT INTO "section_grid" VALUES(2,1,'quarter',2,'','<a href=''mailto:will@whentheresawill.net''>Contact Me!</a>','','');
INSERT INTO "section_grid" VALUES(3,1,'quarter',3,'','Will Lee-Wagner 2013','','');
INSERT INTO "section_grid" VALUES(4,2,'two-thirds',1,'... there''s a way. And I''m Will.','Talking about myself was a lot more difficult than I was expecting! I''ll be updating this section once I have something to post here.','','');
INSERT INTO "section_grid" VALUES(5,3,'third',1,'Coding everything.','I''m a fairly recent convert to the church of Python-ology, but I''ve quickly grown to love it. The site you''re reading now written in <a href=''https://www.djangoproject.com/''>Django</a>, the Python web framework.

Learning Python has been great, because I''m a generalist - and this language does everything. I''ve used it to set up a pretty site, sure. But I''ve also used it to automatically check large data sets, like address lists, and to powerfully administer MySQL. Check out some of the cool stuff I''ve done with this awesome language!','','');
INSERT INTO "section_grid" VALUES(6,3,'two-thirds',2,'A sample method from a class to verify addresses against post office data:','def check_file(self, file):
    ''''''check_file: check a given file against the zip database''''''
    # get the dictionary of correct info
    zips = self.zips
    
    # make headers for the log files
    self._print_headers(file)
    
    with open(file.file) as f: #open the user''s file
        reader = csv.reader(f)
        for r in reader: # for each row
            zip = r[file.c(''zip'').col][0:5] #get the 5-digit zip for lookup (still return the full zip)
            if zip not in zips: #if the zip code is not in the zip db
                file.c(''zip'').writer.writerow(file.base_row(r))
            else: # if the zip is in the db, check the check columns
                for c in file.cols:
                    if c.title != ''zip'' and c.check:
                        # check if the given value = or is in the db values for that zip
                        check_value = zips[zip][self.db_cols[c.title]]
                        if isinstance(check_value,list): # multiple ciites
                            in_check = r[c.col].lower() not in check_value
                        else: #single value
                            in_check = r[c.col].lower() != check_value
                        if in_check: # if either test was true:
                            print_row = list(file.base_row(r))
                            #append the checked column 
                            print_row.append(self._case_value(check_value))
                            # write to the file
                            c.writer.writerow(print_row)
    # close the bad_col files
    file.close_files()','python','');
INSERT INTO "section_grid" VALUES(7,4,'two-thirds',1,'','I got my start in professional coding with VBA: Microsoft''s Visual Basic for Applications. It comes with all the Office products, but I''ve mostly used it with Excel and Access. At this point I''ve been using VBA for over a year, and I''ve gotten pretty handy with it.

In Excel, I''ve used VBA to automate saving data from custom userforms to spreadsheets, auto-filling and printing forms, doing advanced data validation, and more. Most of the office I work at now is using at least one of my automated forms.

I''ve also created a few handy Excel user-defined functions and macros, which I''ve packaged as an add-in. It allows you to hit Ctrl-Shift-C to copy just the text from a cell, and Ctrl-Shift-V to paste without formatting. It also adds two few workbook functions, which you can use to generate random names and randomly assign cells to a number of people (for an audit, say).

Download the Excel 2003 version here
Download the Excel 2007+ version here','','');
INSERT INTO "section_grid" VALUES(8,4,'third',2,'CopyTextOnly():','Sub CopyTextOnly()
    ''An add-in to coyp only the text, not the cell(s), from a selection
    ''Shortcut: CTRL-SHIFT-C
    Dim DataObj As New MSForms.DataObject
    Dim selectionStart As Range
    Dim copyText As String
    
    On Error Resume Next
    Set selectionStart = Selection.Cells(1, 1)
    copyText = selectionStart.Text
    DataObj.SetText copyText
    DataObj.PutInClipboard
    On Error GoTo 0
End Sub','vb','');
INSERT INTO "section_grid" VALUES(10,5,'quarter',1,'MySQL: Powerful and Open','Right now, I''m working on a MySQL certificate from City College of San Francisco. I''ve taken a querying class, and I''m in a MySQL Database Administrator class right now, where I''m learning to run a MySQL server, and use Python to automate it.

I''m pretty handy with SQL queries at this point. That skill translates well between database management systems, though I''ve only used MySQL and Access functions, and there are some differences in abilities and syntax between the DBMSs.

Also, this site is running on MySQL.','','');
INSERT INTO "section_grid" VALUES(11,5,'quarter',3,'Access: Rapid development','Using Access is what got me into databases in the first place. Although its engine, ACE, is fairly limited, Access''s forms, reports, and query designers make it hard to beat in terms of rapid development. Using Access allows me to leverage my skills with VBA, graphic design, and SQL to build applications.

I''ve built a multi-user employee database application, and am working on a messages application with a MySQL back-end.','','');
INSERT INTO "section_grid" VALUES(12,5,'quarter',4,'A screenshot of my Access employee database:','Employee screen','','section/img/DB_3_Employees.PNG');
INSERT INTO "section_grid" VALUES(13,5,'quarter',2,'Displaying the three shortest books from each publisher in a books database:','SELECT publ_id, title, page_count, Rank
FROM (
	SELECT publ_id, title, page_count
	,(	SELECT COUNT(DISTINCT b2.page_count)
		FROM a_bkinfo.publishers p2
		JOIN a_bkinfo.books b2 USING (publ_id)
		WHERE b2.page_count <= b.page_count
		AND b2.publ_id = b.publ_id) Rank
	FROM a_bkinfo.publishers p
	JOIN a_bkinfo.books b USING (publ_id)
	WHERE NOT b.page_count IS NULL )pb
WHERE Rank <= 3
ORDER BY publ_id, Rank','sql','');
INSERT INTO "section_grid" VALUES(14,2,'quarter',2,'','I''m Will!','','section/img/headshot_med.jpg');
INSERT INTO "section_grid" VALUES(15,6,'half',1,'','I was the production manager of my college newspaper, <a href=''http://thehullabaloo.com''>The Tulane Hullabaloo</a>, in 2010, and was both the head designer and in charge of the whole visual side of the paper, including photography and the website. I completed a major redesign of the newspaper, and the layout team won two design awards in the national <a href=''http://msusnd.org/contest/2010contest/''>Michigan State University Design Contest</a> in 2010.

News design is fun because it''s a problem to solve: how to fit all the given copy and art into a fixed space in a visually striking way, while on a strict deadline.

Here are a couple samples of pages I designed:','','');
INSERT INTO "section_grid" VALUES(16,6,'quarter',2,'','Who ''Dat news page','','section/img/Who-Dat.png');
INSERT INTO "section_grid" VALUES(17,6,'quarter',3,'','unrest news page','','section/img/Unrest.png');
INSERT INTO "section_grid" VALUES(18,7,'third',2,'','ellis logo','','section/img/ellis_logo.png');
INSERT INTO "section_grid" VALUES(19,7,'third',1,'','I have some experience with designing vector art, mostly with the open source <a href=''http://inkscape.com''>Inkscape</a>. I''ve made logos, posters, infographics, and images just for fun. 

Here are a couple of samples of my work. The logo is for <a href=''http://elliscamera.com/''>Ellis Photography</a>, which manufactures specialty photography equipment. The turtle is mostly just adorable.','','');
INSERT INTO "section_grid" VALUES(20,7,'quarter',3,'','beach turtle','','section/img/beach_turtle.png');
INSERT INTO "section_grid" VALUES(21,8,'half',1,'<a href=''/code''>Code</a>','I''m learning more about coding every day, and I have alrady done some pretty interesting stuff. This shows some samples of what I''ve been up to. I''ve also posted source code and links to projects that folks might find useful - mostly Excel add-ins, right now. Check it out!','','');
INSERT INTO "section_grid" VALUES(22,9,'half',1,'<a href=''/design''>Design</a>','While I did some newspaper design in high school, I really go into it in college. I ran the design department at my college newspaper, and I''d like to think did good work there in InDesign. I''m also handy with vector art, and have put together some nice logos and graphics. I''m always open to freelance work - so take a look at what I''ve done!

Lately, I''ve been spending a lot of time learning web design as well. This site is a product of that quest.','','');
INSERT INTO "section_grid" VALUES(23,10,'half',1,'<a href=''/words''>Words</a>','I fancy myself a pretty decent writer and communicator. I wrote for my high school and college newspapers, and put together my share of economics papers in college. I also dabble in fiction writing, though we''ll see if any of that gets posted here!','','');
INSERT INTO "section_grid" VALUES(24,11,'full',0,'','As a fairly new member of the San Francisco Young Democracts communications committee, I''m mostly working on redesigning their website (look for a link to that soon!). But, I may also do some posting from time to time. Here are a couple links to some summaries of San Francisco ballot measures I''ve done:

<a href=http://www.sfyd.org/ballot_measure_summaries_proposition_a>Proposition A</a>
<a href=http://www.sfyd.org/ballot_measure_summaries_proposition_d>Proposition D</a>','','');
INSERT INTO "section_grid" VALUES(25,12,'two-thirds',1,'','These days, it doesn''t matter what you do: if you want to show it off, you also have to know the web. I do a lot of pretty cool stuff, and I needed to platform to put it on. So, between forums and books (I read and loved Ethan Marcotte''s <a href=''http://www.abookapart.com/products/responsive-web-design''>Responsive Web Design</a>) I''ve developed a good working knowledge of how to design for the modern web.

While this site is my single biggest project, I''ve also put together a handy password generator using JavaScript. It''s called sitePass, and it generates passwords by using a secure one-way hash of a website''s name and a password. That lets you generate strong passwords for each of your (many) logins, while only having to remember one. And since it uses a one-way hash, if an attacker gets their hands on one of your passwords, they can''t use it to get the rest. Useful!

It''s free to use, check it out <a href=''/sitePass''>here!</a>','','');
INSERT INTO "section_grid" VALUES(26,12,'third',2,'','sitePass','','section/img/sitePass.png');
CREATE TABLE "code_page_post" (
    "id" integer NOT NULL PRIMARY KEY,
    "posted_at" datetime NOT NULL,
    "updated_at" datetime NOT NULL,
    "title" varchar(255) NOT NULL,
    "slug" varchar(255) NOT NULL,
    "description" text NOT NULL,
    "code_language" varchar(255) NOT NULL,
    "code" text NOT NULL,
    "link_desc" varchar(255) NOT NULL,
    "link_path" varchar(200) NOT NULL,
    "binary_desc" varchar(255) NOT NULL,
    "binary_path" varchar(100) NOT NULL
);
CREATE INDEX "auth_permission_37ef4eb4" ON "auth_permission" ("content_type_id");
CREATE INDEX "auth_group_permissions_5f412f9a" ON "auth_group_permissions" ("group_id");
CREATE INDEX "auth_group_permissions_83d7f98b" ON "auth_group_permissions" ("permission_id");
CREATE INDEX "auth_user_groups_6340c63c" ON "auth_user_groups" ("user_id");
CREATE INDEX "auth_user_groups_5f412f9a" ON "auth_user_groups" ("group_id");
CREATE INDEX "auth_user_user_permissions_6340c63c" ON "auth_user_user_permissions" ("user_id");
CREATE INDEX "auth_user_user_permissions_83d7f98b" ON "auth_user_user_permissions" ("permission_id");
CREATE INDEX "django_session_b7b81f0c" ON "django_session" ("expire_date");
CREATE INDEX "django_admin_log_6340c63c" ON "django_admin_log" ("user_id");
CREATE INDEX "django_admin_log_37ef4eb4" ON "django_admin_log" ("content_type_id");
CREATE INDEX "section_section_f52cfca0" ON "section_section" ("slug");
CREATE INDEX "section_slice_b402b60b" ON "section_slice" ("section_id");
CREATE INDEX "section_grid_e7e60355" ON "section_grid" ("slice_id");
CREATE INDEX "code_page_post_f52cfca0" ON "code_page_post" ("slug");
COMMIT;
